headlines,headline_url
"Hambali, Dalang Bom Bali 2002, Mulai Sidang Pra-Peradilan di Guantanamo",https://www.kompas.com/global/read/2023/04/25/200500370/hambali-dalang-bom-bali-2002-mulai-sidang-pra-peradilan-di-guantanamo
"Joe Biden Resmi Maju ke Pilpres AS 2024, Rekor Capres Tertua di Amerika",https://www.kompas.com/global/read/2023/04/25/185400770/joe-biden-resmi-maju-ke-pilpres-as-2024-rekor-capres-tertua-di-amerika
Pria Usia 66 Tahun Rampok 3 Toko Pakai Pistol Mainan,https://www.kompas.com/global/read/2023/04/25/174300970/pria-usia-66-tahun-rampok-3-toko-pakai-pistol-mainan
"PM Malaysia Anwar Ibrahim Dikritik Boros karena ""Open House"" di 5 Negara Bagian",https://www.kompas.com/global/read/2023/04/25/163200570/pm-malaysia-anwar-ibrahim-dikritik-boros-karena-open-house-di-5-negara
"Drone Ukraina Ditemukan di Luar Moskwa, Parade Hari Kemenangan Dibatalkan",https://www.kompas.com/global/read/2023/04/25/152100170/drone-ukraina-ditemukan-di-luar-moskwa-parade-hari-kemenangan-dibatalkan
Apa Kepentingan Tentara Bayaran Rusia Grup Wagner di Sudan?,https://www.kompas.com/global/read/2023/04/25/141600670/apa-kepentingan-tentara-bayaran-rusia-grup-wagner-di-sudan-
"Jalani Ritual, Suami Istri di India Penggal Kepala Sendiri, Tinggalkan 2 Anak",https://www.kompas.com/global/read/2023/04/25/131400370/jalani-ritual-suami-istri-di-india-penggal-kepala-sendiri-tinggalkan-2
Perubahan Kebijakan Twitter Picu Lonjakan Propaganda oleh Rusia dan China,https://www.kompas.com/global/read/2023/04/25/121500270/perubahan-kebijakan-twitter-picu-lonjakan-propaganda-oleh-rusia-dan-china
"Korban Ajaran Sesat Gereja di Kenya yang Praktikkan Kelaparan Terus Naik, 73 Mayat Ditemukan",https://www.kompas.com/global/read/2023/04/25/111400070/korban-ajaran-sesat-gereja-di-kenya-yang-praktikkan-kelaparan-terus-naik
AS: Gencatan Senjata 72 jam Disepakati di Sudan,https://www.kompas.com/global/read/2023/04/25/101300470/as--gencatan-senjata-72-jam-disepakati-di-sudan
"Rangkuman Hari Ke-425 Serangan Rusia ke Ukraina: Moldova Terancam Rusia, Guterres Kirim Surat ke Putin",https://www.kompas.com/global/read/2023/04/25/091947170/rangkuman-hari-ke-425-serangan-rusia-ke-ukraina-moldova-terancam-rusia
"Delima Silalahi, Aktivis Lingkungan Asal Sumut Raih Penghargaan Goldman Environmental Prize 2023",https://www.kompas.com/global/read/2023/04/25/081840170/delima-silalahi-aktivis-lingkungan-asal-sumut-raih-penghargaan-goldman
"Sekjen PBB Sebut Konflik di Sudan Terus Memburuk, Peringatkan Ini",https://www.kompas.com/global/read/2023/04/25/071400070/sekjen-pbb-sebut-konflik-di-sudan-terus-memburuk-peringatkan-ini-
"Sber dari Rusia Luncurkan GigaChat, Saingi ChatGPT",https://www.kompas.com/global/read/2023/04/25/061500370/sber-dari-rusia-luncurkan-gigachat-saingi-chatgpt
Taiwan Temukan Produk Mi Instan Asal Indonesia dan Malaysia Ini Mengandung Zat Pemicu Kanker,https://www.kompas.com/global/read/2023/04/25/060602370/taiwan-temukan-produk-mi-instan-asal-indonesia-dan-malaysia-ini
[POPULER GLOBAL] Usul Kapal Perang ke Selat Taiwan | Malaysia Dihantam Gelombang Panas,https://www.kompas.com/global/read/2023/04/25/052500370/-populer-global-usul-kapal-perang-ke-selat-taiwan-malaysia-dihantam
AU Rusia Tak Sengaja Bom Kota Sendiri Pakai Jet Tempur Sukhoi,https://www.kompas.com/global/read/2023/04/24/221300770/au-rusia-tak-sengaja-bom-kota-sendiri-pakai-jet-tempur-sukhoi
Rusia Mengaku Sangat Prihatin atas Ketegangan Armenia-Azerbaijan,https://www.kompas.com/global/read/2023/04/24/212800270/rusia-mengaku-sangat-prihatin-atas-ketegangan-armenia-azerbaijan
Cheetah Kedua yang Dibawa India dari Afrika Mati,https://www.kompas.com/global/read/2023/04/24/204700770/cheetah-kedua-yang-dibawa-india-dari-afrika-mati
"Majelis Rakyat Kazakhstan Akan Bahas Persatuan Nasional, Dubes Sarekenov Singgung Indonesia",https://www.kompas.com/global/read/2023/04/24/195800070/majelis-rakyat-kazakhstan-akan-bahas-persatuan-nasional-dubes-sarekenov
"Diduga Parkir Sembarangan, Mobil Ini Dicoreti Pakai Spidol dan Bannya Digembok",https://www.kompas.com/global/read/2023/04/24/191600270/diduga-parkir-sembarangan-mobil-ini-dicoreti-pakai-spidol-dan-bannya
Beda Cara Indonesia dengan Negara Lain dalam Evakuasi Warga dari Sudan,https://www.kompas.com/global/read/2023/04/24/182900670/beda-cara-indonesia-dengan-negara-lain-dalam-evakuasi-warga-dari-sudan
"Singapura Akan Denda Rp 3,3 Juta bagi Orang yang Tidak Kembalikan Baki Sendiri di Rumah Makan",https://www.kompas.com/global/read/2023/04/24/174500170/singapura-akan-denda-rp-3-3-juta-bagi-orang-yang-tidak-kembalikan-baki
"Pernyataan Dubes China Bikin Heboh Eropa, lalu Diklarifikasi",https://www.kompas.com/global/read/2023/04/24/165800670/pernyataan-dubes-china-bikin-heboh-eropa-lalu-diklarifikasi
"China-Singapura Akan Gelar Latihan Militer Bersama, Ini Armada yang Dikerahkan",https://www.kompas.com/global/read/2023/04/24/161300970/china-singapura-akan-gelar-latihan-militer-bersama-ini-armada-yang
Ukraina Terkini: Rusia Klaim Gagalkan Serangan Drone di Crimea,https://www.kompas.com/global/read/2023/04/24/152700870/ukraina-terkini--rusia-klaim-gagalkan-serangan-drone-di-crimea
3 Pelajar SMK Kudus Unjuk Keahlian Desain Animasi di Jerman,https://www.kompas.com/global/read/2023/04/24/144900770/3-pelajar-smk-kudus-unjuk-keahlian-desain-animasi-di-jerman
"Detik-detik Penyelamatan 11 Nelayan Indonesia yang Terdampar di Australia, 6 Hari Tanpa Makanan",https://www.kompas.com/global/read/2023/04/24/140300570/detik-detik-penyelamatan-11-nelayan-indonesia-yang-terdampar-di-australia
4 Dokumen Besar AS yang Bocor Sebelum Perang Rusia-Ukraina,https://www.kompas.com/global/read/2023/04/24/131700970/4-dokumen-besar-as-yang-bocor-sebelum-perang-rusia-ukraina
"Roket SpaceX Meledak, Ciptakan Kawah dan Kerusakan Serius di Lokasi Peluncuran",https://www.kompas.com/global/read/2023/04/24/123100870/roket-spacex-meledak-ciptakan-kawah-dan-kerusakan-serius-di-lokasi
"Pasukan Ukraina Tiba Dekat Crimea, Spekulasi Serangan Balik?",https://www.kompas.com/global/read/2023/04/24/114500870/pasukan-ukraina-tiba-dekat-crimea-spekulasi-serangan-balik-
"Penembakan Usai Pesta Perpisahan Sekolah AS, 9 Remaja Jadi Korban",https://www.kompas.com/global/read/2023/04/24/110100470/penembakan-usai-pesta-perpisahan-sekolah-as-9-remaja-jadi-korban
"60 Warga Desa Dibantai di Burkina Faso, Tragedi Kekerasan Terbaru",https://www.kompas.com/global/read/2023/04/24/101500870/60-warga-desa-dibantai-di-burkina-faso-tragedi-kekerasan-terbaru
"Rusia Buat Kemajuan di Bakhmut, Grup Wagner Klaim Kuasai 80 Persen",https://www.kompas.com/global/read/2023/04/24/093100770/rusia-buat-kemajuan-di-bakhmut-grup-wagner-klaim-kuasai-80-persen
"Sudan Masih Mencekam, AS Terjunkan Tim Respons Bencana",https://www.kompas.com/global/read/2023/04/24/084500770/sudan-masih-mencekam-as-terjunkan-tim-respons-bencana
Pejabat Tinggi Uni Eropa Minta Kerahkan Kapal Perang ke Selat Taiwan,https://www.kompas.com/global/read/2023/04/24/080100670/pejabat-tinggi-uni-eropa-minta-kerahkan-kapal-perang-ke-selat-taiwan
"Malaysia Dipanggang Gelombang Panas, Suhu Lampaui 37 Derajat Celsius",https://www.kompas.com/global/read/2023/04/24/071500670/malaysia-dipanggang-gelombang-panas-suhu-lampaui-37-derajat-celsius
"Rangkuman Hari Ke-424 Serangan Rusia ke Ukraina: Kesepakatan Gandum di Ujung Tanduk, Moskwa Usir Diplomat Jerman",https://www.kompas.com/global/read/2023/04/24/063100270/rangkuman-hari-ke-424-serangan-rusia-ke-ukraina--kesepakatan-gandum-di
[KABAR DUNIA SEPEKAN] Arab Saudi Lebaran Jumat | WNI 40 Tahun Dipenjara di Malaysia,https://www.kompas.com/global/read/2023/04/24/054500870/-kabar-dunia-sepekan-arab-saudi-lebaran-jumat-wni-40-tahun-dipenjara-di
"Selama 10 Tahun, Bapak Ini ke Singapura Naik Motor Pukul 2 Pagi Jenguk Anaknya di Penjara",https://www.kompas.com/global/read/2023/04/23/223800670/selama-10-tahun-bapak-ini-ke-singapura-naik-motor-pukul-2-pagi-jenguk
"Lamar Kerja Jadi Pembunuh Bayaran, Pria Ini Langsung Ditangkap FBI",https://www.kompas.com/global/read/2023/04/23/213700270/lamar-kerja-jadi-pembunuh-bayaran-pria-ini-langsung-ditangkap-fbi
Italia Beri Syarat untuk Buka Blokir ChatGPT,https://www.kompas.com/global/read/2023/04/23/203600570/italia-beri-syarat-untuk-buka-blokir-chatgpt
"Juara Lomba Fotografi Sony World Tolak Penghargaan, Akui Fotonya Hasil AI",https://www.kompas.com/global/read/2023/04/23/193500470/juara-lomba-fotografi-sony-world-tolak-penghargaan-akui-fotonya-hasil-ai
"Cuaca Panas Ekstrem di Thailand, Suhu Capai 42 Derajat Celsius",https://www.kompas.com/global/read/2023/04/23/183400270/cuaca-panas-ekstrem-di-thailand-suhu-capai-42-derajat-celsius
"Toko Emas Dijarah Saat Demo Perancis, Kerugian Rp 410,7 Juta",https://www.kompas.com/global/read/2023/04/23/173300170/toko-emas-dijarah-saat-demo-perancis-kerugian-rp-4107-juta
Temuan Buaya Besar Tanpa Kepala Gegerkan Warga Australia,https://www.kompas.com/global/read/2023/04/23/163200570/temuan-buaya-besar-tanpa-kepala-gegerkan-warga-australia
Twitter Kembalikan Centang Biru Gratis untuk Beberapa Media dan Selebritas,https://www.kompas.com/global/read/2023/04/23/153100770/twitter-kembalikan-centang-biru-gratis-untuk-beberapa-media-dan
"Giliran Perancis Evakuasi Warga di Sudan, Jumlahnya Jauh Lebih Sedikit dari WNI",https://www.kompas.com/global/read/2023/04/23/142900670/giliran-perancis-evakuasi-warga-di-sudan-jumlahnya-jauh-lebih-sedikit
Arab Saudi Akan Renovasi Masjid Berusia Hampir 1.000 Tahun di Madinah Ini,https://www.kompas.com/global/read/2023/04/23/132900970/arab-saudi-akan-renovasi-masjid-berusia-hampir-1.000-tahun-di-madinah-ini
"Dibantu Arab Saudi, Djibouti, dan Ethiopia, AS Evakuasi para Diplomat di Sudan",https://www.kompas.com/global/read/2023/04/23/122700170/dibantu-arab-saudi-djibouti-dan-ethiopia-as-evakuasi-para-diplomat-di
"Ulama Sunni Iran Kritik Kebijakan Pemerintah, Sebut Protes adalah Hak Rakyat",https://www.kompas.com/global/read/2023/04/23/112800470/ulama-sunni-iran-kritik-kebijakan-pemerintah-sebut-protes-adalah-hak
Wujud Pohon Tertua di Dunia yang Ditemukan di Hutan Chili,https://www.kompas.com/global/read/2023/04/23/102900270/wujud-pohon-tertua-di-dunia-yang-ditemukan-di-hutan-chili
Meghan Kritik Media Inggris atas Laporan Surat Kepada Raja Charles III,https://www.kompas.com/global/read/2023/04/23/092900670/meghan-kritik-media-inggris-atas-laporan-surat-kepada-raja-charles-iii
Sejumlah Negara Mulai Evakuasi Warganya dari Sudan,https://www.kompas.com/global/read/2023/04/23/082800070/sejumlah-negara-mulai-evakuasi-warganya-dari-sudan
Thailand Peringatkan Warga Tak Keluar Rumah karena Panas Ekstrem,https://www.kompas.com/global/read/2023/04/23/072854270/thailand-peringatkan-warga-tak-keluar-rumah-karena-panas-ekstrem
"Rangkuman Hari Ke-423 Serangan Rusia ke Ukraina: Rusia Cegah Warganya ke Kanada, Unit Belarus Berlatih Sistem Rudal",https://www.kompas.com/global/read/2023/04/23/062800270/rangkuman-hari-ke-423-serangan-rusia-ke-ukraina--rusia-cegah-warganya-ke
[UNIK GLOBAL] Lomba Bunuh Kucing di Selandia Baru | Karyawan China Dapat Cuti 356 Hari,https://www.kompas.com/global/read/2023/04/23/053816070/unik-global-lomba-bunuh-kucing-di-selandia-baru-karyawan-china-dapat-cuti
Selandia Baru Larang Pengiriman Ternak Lewat Laut,https://www.kompas.com/global/read/2023/04/22/220000770/selandia-baru-larang-pengiriman-ternak-lewat-laut
"Pilot India Langgar Aturan, Bawa Wanita di Kokpit Sambil Bercengkrama",https://www.kompas.com/global/read/2023/04/22/213955270/pilot-india-langgar-aturan-bawa-wanita-di-kokpit-sambil-bercengkrama
"Nekat Mandi di Kandang Badak Kebun Binatang, Pria Auckland Ditangkap",https://www.kompas.com/global/read/2023/04/22/211500770/nekat-mandi-di-kandang-badak-kebun-binatang-pria-auckland-ditangkap
"Waspadai Arcturus, Subvarian Baru Covid-19",https://www.kompas.com/global/read/2023/04/22/203100270/waspadai-arcturus-subvarian-baru-covid-19
"Tank Abrams AS Tiba di Jerman Mei, Tentara Ukraina Segera Dilatih",https://www.kompas.com/global/read/2023/04/22/194500170/tank-abrams-as-tiba-di-jerman-mei-tentara-ukraina-segera-dilatih
"Unik, Pesawat Batal Terbang karena Toilet Kabin Tak Bisa Disiram",https://www.kompas.com/global/read/2023/04/22/190000770/unik-pesawat-batal-terbang-karena-toilet-kabin-tak-bisa-disiram
Presiden Uganda Tolak Teken RUU Hukuman Mati LGBT,https://www.kompas.com/global/read/2023/04/22/181500270/presiden-uganda-tolak-teken-ruu-hukuman-mati-lgbt
"WMO Sebut 2022 Tahun yang Tidak Menyenangkan, Panas, dan Mematikan",https://www.kompas.com/global/read/2023/04/22/173100770/wmo-sebut-2022-tahun-yang-tidak-menyenangkan-panas-dan-mematikan
Konjen RI Sydney Gelar Shalat Id Bersama Ribuan Muslim Indonesia,https://www.kompas.com/global/read/2023/04/22/172811470/konjen-ri-sydney-gelar-shalat-id-bersama-ribuan-muslim-indonesia
9 Makanan Khas Lebaran dari Berbagai Negara di Dunia,https://internasional.kompas.com/read/2023/04/22/164500670/9-makanan-khas-lebaran-dari-berbagai-negara-di-dunia
Jepang Bersiap Tembak Satelit Mata-mata Korea Utara,https://www.kompas.com/global/read/2023/04/22/160100870/jepang-bersiap-tembak-satelit-mata-mata-korea-utara-
"Meski Bersengketa soal Laut China Selatan, Filipina Tetap Berhubungan dengan Beijing",https://www.kompas.com/global/read/2023/04/22/150100370/meski-bersengketa-soal-laut-china-selatan-filipina-tetap-berhubungan
"Kisah Kyoichiro Sugimoto, Pria Jepang Mualaf yang Berupaya Hapus Citra Negatif Islam",https://www.kompas.com/global/read/2023/04/22/140000770/kisah-kyoichiro-sugimoto-pria-jepang-mualaf-yang-berupaya-hapus-citra
"Selangkah Lagi Kuasai Total Bakhmut, Pasukan Rusia Bertempur di Bagian Terakhir Kota",https://www.kompas.com/global/read/2023/04/22/130100770/selangkah-lagi-kuasai-total-bakhmut-pasukan-rusia-bertempur-di-bagian
"Ditemukan, Bangkai Kapal Perang Dunia 2 yang Ditorpedo dan Tewaskan 979 Warga Australia",https://www.kompas.com/global/read/2023/04/22/121500270/ditemukan-bangkai-kapal-perang-dunia-2-yang-ditorpedo-dan-tewaskan-979
"Dari Stasiun Ruang Angkasa, Astronot Muslim Sampaikan Selamat Idul Fitri, Pakai Baju Khas UEA",https://www.kompas.com/global/read/2023/04/22/111500870/dari-stasiun-ruang-angkasa-astronot-muslim-sampaikan-selamat-idul-fitri
Pertempuran di Sudan Mereda Saat Peringatan Idul Fitri,https://www.kompas.com/global/read/2023/04/22/102900070/pertempuran-di-sudan-mereda-saat-peringatan-idul-fitri-
Putin Ucapkan Selamat Idul Fitri kepada Putra Mahkota MbS,https://www.kompas.com/global/read/2023/04/22/092800070/putin-ucapkan-selamat-idul-fitri-kepada-putra-mahkota-mbs
"KBRI di Khartoum Catat 1.209 WNI Tinggal di Sudan, Evakuasi Dipersiapkan",https://www.kompas.com/global/read/2023/04/22/082800170/kbri-di-khartoum-catat-1.209-wni-tinggal-di-sudan-evakuasi-dipersiapkan
"Beberapa Negara di Asia Tenggara yang Lebaran Hari Ini, Sama dengan Indonesia",https://www.kompas.com/global/read/2023/04/22/071200270/beberapa-negara-di-asia-tenggara-yang-lebaran-hari-ini-sama-dengan
"Rangkuman Hari Ke-422 Serangan Rusia ke Ukraina: Petani UE Timur Marah, Warga Rusia Gabung Ukraina",https://www.kompas.com/global/read/2023/04/22/062800370/rangkuman-hari-ke-422-serangan-rusia-ke-ukraina--petani-ue-timur-marah
"[POPULER GLOBAL] Kapal Selam AS Diam-diam Melintas | 1,64 Ton Emas Dicuri",https://www.kompas.com/global/read/2023/04/22/052900770/-populer-global-kapal-selam-as-diam-diam-melintas-1-64-ton-emas-dicuri
"Beruang Kehausan Bobol Mobil di Kanada, Tenggak 69 Kaleng Soda",https://www.kompas.com/global/read/2023/04/21/213000570/beruang-kehausan-bobol-mobil-di-kanada-tenggak-69-kaleng-soda
Korea Utara Kritik G7 atas Seruan Denuklirisasi,https://www.kompas.com/global/read/2023/04/21/204500570/korea-utara-kritik-g7-atas-seruan-denuklirisasi
"Tragedi Bagi-bagi Uang Maut di Yaman, Siapa Bertanggung Jawab?",https://www.kompas.com/global/read/2023/04/21/191500270/tragedi-bagi-bagi-uang-maut-di-yaman-siapa-bertanggung-jawab-
Biden Umumkan Kampanye Pencalonan Kembali Pekan Depan,https://www.kompas.com/global/read/2023/04/21/183000970/biden-umumkan-kampanye-pencalonan-kembali-pekan-depan
Menlu China: Kedua Sisi Selat Taiwan Adalah Milik China,https://www.kompas.com/global/read/2023/04/21/174500670/menlu-china--kedua-sisi-selat-taiwan-adalah-milik-china
Vladimir Putin Ucapkan Selamat Idul Fitri untuk Muslim Rusia,https://www.kompas.com/global/read/2023/04/21/170000270/vladimir-putin-ucapkan-selamat-idul-fitri-untuk-muslim-rusia
"Centang Biru Twitter Sempat Hilang karena Tak Bayar, dari Oprah hingga Paus Fransiskus",https://www.kompas.com/global/read/2023/04/21/161600170/centang-biru-twitter-sempat-hilang-karena-tak-bayar-dari-oprah-hingga
Parlemen AS Setujui Larangan Atlet Transgender Berlaga,https://www.kompas.com/global/read/2023/04/21/153000870/parlemen-as-setujui-larangan-atlet-transgender-berlaga
Tersangka Pembocor Dokumen Intelijen Rahasia AS Tetap dalam Tahanan,https://www.kompas.com/global/read/2023/04/21/144500770/tersangka-pembocor-dokumen-intelijen-rahasia-as-tetap-dalam-tahanan
Isi Lengkap Pidato Idul Fitri Presiden AS Joe Biden,https://www.kompas.com/global/read/2023/04/21/134500670/isi-lengkap-pidato-idul-fitri-presiden-as-joe-biden
2 Kapal Nelayan Asal Indonesia Masih Hilang di Perairan Australia,https://www.kompas.com/global/read/2023/04/21/124500670/2-kapal-nelayan-asal-indonesia-masih-hilang-di-perairan-australia
G7 Disebut Siapkan Penerapan Larangan Ekspor Total ke Rusia,https://www.kompas.com/global/read/2023/04/21/114500070/g7-disebut-siapkan-penerapan-larangan-ekspor-total-ke-rusia
Pria Miskin Meksiko Dibakar Sampai Meninggal karena Curi 2 Brokoli,https://www.kompas.com/global/read/2023/04/21/104500970/pria-miskin-meksiko-dibakar-sampai-meninggal-karena-curi-2-brokoli
"Pencurian Emas Besar-besaran di Bandara Kanada, 1,63 Ton Senilai Rp 1,5 Triliun Raib",https://www.kompas.com/global/read/2023/04/21/094500170/pencurian-emas-besar-besaran-di-bandara-kanada-1-63-ton-senilai-rp-1-5
"Diam-diam Lintasi Selat Hormuz, Kapal Selam AS Dipaksa Iran Muncul ke Permukaan",https://www.kompas.com/global/read/2023/04/21/084500370/diam-diam-lintasi-selat-hormuz-kapal-selam-as-dipaksa-iran-muncul-ke
15 Ucapan Lebaran atau Idul Fitri dalam Bahasa Inggris Beserta Artinya,https://internasional.kompas.com/read/2023/04/21/074500770/15-ucapan-lebaran-atau-idul-fitri-dalam-bahasa-inggris-beserta-artinya
"Rangkuman Hari Ke-421 Serangan Rusia ke Ukraina: Kyiv Punya Tempat di NATO, Sejumlah Pasukan Ukraina Berkhianat",https://www.kompas.com/global/read/2023/04/21/064500670/rangkuman-hari-ke-421-serangan-rusia-ke-ukraina--kyiv-punya-tempat-di
[POPULER GLOBAL] Arab Saudi Lebaran Jumat | Ronaldo Terancam Dideportasi,https://www.kompas.com/global/read/2023/04/21/054500970/-populer-global-arab-saudi-lebaran-jumat-ronaldo-terancam-dideportasi
"Prediksi Meleset, Arab Saudi Umumkan Lebaran 2023 Jatuh pada Jumat",https://www.kompas.com/global/read/2023/04/20/225447670/prediksi-meleset-arab-saudi-umumkan-lebaran-2023-jatuh-pada-jumat
Kota Bernama Kyle di Texas Kumpulkan 2.326 Orang Bernama Kyle,https://www.kompas.com/global/read/2023/04/20/223000370/kota-bernama-kyle-di-texas-kumpulkan-2.326-orang-bernama-kyle
"Cara Unik Apotek Inggris Bikin Jera Pengutil, Pasang Wall of Shame",https://www.kompas.com/global/read/2023/04/20/220000670/cara-unik-apotek-inggris-bikin-jera-pengutil-pasang-wall-of-shame
Denmark dan Belanda Janji Kirim 14 Tank Leopard 2 ke Ukraina,https://www.kompas.com/global/read/2023/04/20/214500770/denmark-dan-belanda-janji-kirim-14-tank-leopard-2-ke-ukraina
Roket Canggih Starship Milik SpaceX Meledak saat Peluncuran Uji Coba,https://www.kompas.com/global/read/2023/04/20/214156470/roket-canggih-starship-milik-spacex-meledak-saat-peluncuran-uji-coba
Pengacara Arab Saudi Desak Agar Cristiano Ronaldo Dideportasi,https://www.kompas.com/global/read/2023/04/20/211500270/pengacara-arab-saudi-desak-agar-cristiano-ronaldo-dideportasi
"Setelah China dan India, Pakistan Putuskan Beli Minyak Rusia yang Lebih Murah",https://www.kompas.com/global/read/2023/04/20/204500370/setelah-china-dan-india-pakistan-putuskan-beli-minyak-rusia-yang-lebih
"Gelombang Panas Ekstrem Panggang Bangladesh, Suhu Capai 42,8 Derajat Celsius",https://www.kompas.com/global/read/2023/04/20/201500070/gelombang-panas-ekstrem-panggang-bangladesh-suhu-capai-42-8-derajat
Rusia Peringatkan Korea Selatan Jangan Kirim Senjata ke Ukraina,https://www.kompas.com/global/read/2023/04/20/194500970/rusia-peringatkan-korea-selatan-jangan-kirim-senjata-ke-ukraina
"AS Umumkan Bantuan Militer Baru Rp 4,8 Triliun ke Ukraina",https://www.kompas.com/global/read/2023/04/20/190000670/as-umumkan-bantuan-militer-baru-rp-4-8-triliun-ke-ukraina
Keponakan John F Kennedy Maju Jadi Capres AS 2024,https://www.kompas.com/global/read/2023/04/20/181500470/keponakan-john-f-kennedy-maju-jadi-capres-as-2024
"Kilatan Cahaya Picu Peringatan Serangan Udara di Kyiv, Ternyata Satelit NASA Masuk Bumi",https://www.kompas.com/global/read/2023/04/20/173000870/kilatan-cahaya-picu-peringatan-serangan-udara-di-kyiv-ternyata-satelit
Pesawat Austrian Airlines Putar Balik karena 5 Toilet Tak Bisa Disiram,https://www.kompas.com/global/read/2023/04/20/164500170/pesawat-austrian-airlines-putar-balik-karena-5-toilet-tak-bisa-disiram
Rangkuman Hari Ke-420 Serangan Rusia ke Ukraina: Kilatan Cahaya di Kyiv | Peringatan untuk Korsel,https://www.kompas.com/global/read/2023/04/20/160000070/rangkuman-hari-ke-420-serangan-rusia-ke-ukraina--kilatan-cahaya-di-kyiv
"Australia Negara Pertama yang Umumkan Lebaran 2023, Jatuh pada Sabtu",https://www.kompas.com/global/read/2023/04/20/153908470/australia-negara-pertama-yang-umumkan-lebaran-2023-jatuh-pada-sabtu
Penasihat Keamanan Nasional Presiden Brasil Mengundurkan Diri,https://www.kompas.com/global/read/2023/04/20/151500170/penasihat-keamanan-nasional-presiden-brasil-mengundurkan-diri
Gerhana Matahari Total Bikin Warga Australia Terpukau,https://www.kompas.com/global/read/2023/04/20/145000570/gerhana-matahari-total-bikin-warga-australia-terpukau
"Dianggap Menjelekkan China Terkait Populasi, Media Barat Dikecam",https://www.kompas.com/global/read/2023/04/20/143000370/dianggap-menjelekkan-china-terkait-populasi-media-barat-dikecam
Perang Ukraina Terkini: Rusia Lancarkan Serangan Drone Iran di Odessa,https://www.kompas.com/global/read/2023/04/20/134500370/perang-ukraina-terkini--rusia-lancarkan-serangan-drone-iran-di-odessa
"Jelang Babak Baru PHK Meta, 10.000 Pekerja Bisa Kena Dampaknya",https://www.kompas.com/global/read/2023/04/20/130000270/jelang-babak-baru-phk-meta-10.000-pekerja-bisa-kena-dampaknya
Teror Kapal Hantu Rusia untuk Sabotase Barat di Laut Utara,https://www.kompas.com/global/read/2023/04/20/121500670/teror-kapal-hantu-rusia-untuk-sabotase-barat-di-laut-utara
"Tinju Wajah Wanita Sekitar, Turis Perancis di Jepang Ditangkap",https://www.kompas.com/global/read/2023/04/20/113000370/tinju-wajah-wanita-sekitar-turis-perancis-di-jepang-ditangkap
"AS Terus Cari Jejak UFO, Pelajari Potensi Musuh Baru Negara",https://www.kompas.com/global/read/2023/04/20/104500870/as-terus-cari-jejak-ufo-pelajari-potensi-musuh-baru-negara
67 Juta Anak Terganggu Vaksin Rutinnya karena Pandemi Covid-19,https://www.kompas.com/global/read/2023/04/20/091800870/67-juta-anak-terganggu-vaksin-rutinnya-karena-pandemi-covid-19
"Kericuhan di Acara Amal Yaman Tewaskan 79 Orang, 100 Korban Luka-luka",https://www.kompas.com/global/read/2023/04/20/074700770/kericuhan-di-acara-amal-yaman-tewaskan-79-orang-100-korban-luka-luka
[POPULER GLOBAL] Cerita WNI Napi Terlama di Malaysia | Lebaran di Arab Saudi dan UEA,https://www.kompas.com/global/read/2023/04/20/061600470/-populer-global-cerita-wni-napi-terlama-di-malaysia-lebaran-di-arab-saudi
"Radio Publik Swedia Nonaktifkan Twitter, Imbas Label Elon Musk",https://www.kompas.com/global/read/2023/04/19/220000770/radio-publik-swedia-nonaktifkan-twitter-imbas-label-elon-musk
Usulan Inisiatif Perdamaian Ukraina dari Brasil Panen Kritikan,https://www.kompas.com/global/read/2023/04/19/215807470/usulan-inisiatif-perdamaian-ukraina-dari-brasil-panen-kritikan
Kim Jong Un: Peluncuran Satelit Mata-mata Pertama Harus Sesuai Rencana,https://www.kompas.com/global/read/2023/04/19/210000270/kim-jong-un--peluncuran-satelit-mata-mata-pertama-harus-sesuai-rencana
Korsel Berencana Beri Bantuan Militer ke Ukraina untuk Pertama Kali,https://www.kompas.com/global/read/2023/04/19/203000370/korsel-berencana-beri-bantuan-militer-ke-ukraina-untuk-pertama-kali
"Taruhan Besar Apple, Berani Buka Apple Store Perdana di India",https://www.kompas.com/global/read/2023/04/19/200000870/taruhan-besar-apple-berani-buka-apple-store-perdana-di-india
Motif China Bantu Tengahi Konflik Israel-Palestina,https://www.kompas.com/global/read/2023/04/19/193000870/motif-china-bantu-tengahi-konflik-israel-palestina
G7 Sepakat Pensiun Dini PLTU Batu Bara Lebih Cepat,https://www.kompas.com/global/read/2023/04/19/190100770/g7-sepakat-pensiun-dini-pltu-batu-bara-lebih-cepat
Lomba Bunuh Kucing Liar di Selandia Baru Dibatalkan Usai Protes Massal,https://www.kompas.com/global/read/2023/04/19/183400970/lomba-bunuh-kucing-liar-di-selandia-baru-dibatalkan-usai-protes-massal
"Grup Wagner Diduga Terlibat dalam Konflik Sudan, Ini Kiprahnya",https://www.kompas.com/global/read/2023/04/19/180100370/grup-wagner-diduga-terlibat-dalam-konflik-sudan-ini-kiprahnya
Absolut Vodka Swedia Hentikan Ekspor ke Rusia,https://www.kompas.com/global/read/2023/04/19/173000970/absolut-vodka-swedia-hentikan-ekspor-ke-rusia
Peretas Rusia Disebut Berusaha Susupi Sektor Penting Inggris,https://www.kompas.com/global/read/2023/04/19/170000970/peretas-rusia-disebut-berusaha-susupi-sektor-penting-inggris
"Pertengahan 2023, India Akan Salip China Jadi Negara Terpadat di Dunia",https://www.kompas.com/global/read/2023/04/19/163300170/pertengahan-2023-india-akan-salip-china-jadi-negara-terpadat-di-dunia
"Detik-detik Gedung Parkir 4 Lantai di AS Runtuh, 1 Tewas",https://www.kompas.com/global/read/2023/04/19/160100270/detik-detik-gedung-parkir-4-lantai-di-as-runtuh-1-tewas
"Konflik Sudan Terus Berkecamuk, Kirim Bantuan Hampir Tidak Mungkin, RS Kritis",https://www.kompas.com/global/read/2023/04/19/153100570/konflik-sudan-terus-berkecamuk-kirim-bantuan-hampir-tidak-mungkin-rs
8 Tenaga Medis yang Rawat Diego Maradona Akan Diadili,https://www.kompas.com/global/read/2023/04/19/150200670/8-tenaga-medis-yang-rawat-diego-maradona-akan-diadili
AS dan NATO Waspadai Penggunaan Nuklir Taktis Rusia dalam Perang Ukraina,https://www.kompas.com/global/read/2023/04/19/141500270/as-dan-nato-waspadai-penggunaan-nuklir-taktis-rusia-dalam-perang-ukraina
"Tak Hanya Indonesia, Warga Pakistan Juga Berbondong-bondong Belanja Baju Lebaran",https://www.kompas.com/global/read/2023/04/19/133100970/tak-hanya-indonesia-warga-pakistan-juga-berbondong-bondong-belanja-baju
Australia Selamatkan 11 Nelayan Indonesia yang Terdampar 6 Hari Tanpa Makanan,https://www.kompas.com/global/read/2023/04/19/124600670/australia-selamatkan-11-nelayan-indonesia-yang-terdampar-6-hari-tanpa
"Lebaran di Arab Saudi dan UEA Kemungkinan Jatuh pada Sabtu, Ini Penjelasannya",https://www.kompas.com/global/read/2023/04/19/120100070/lebaran-di-arab-saudi-dan-uea-kemungkinan-jatuh-pada-sabtu-ini
"40 Tahun Dibui di Malaysia, WNI: Staf Penjara Anggap Saya Teman, Bukan Tahanan",https://www.kompas.com/global/read/2023/04/19/112900570/40-tahun-dibui-di-malaysia-wni--staf-penjara-anggap-saya-teman-bukan
"Presiden Brasil Dukung BRICS Punya Mata Uang Sendiri, Ambisi Runtuhkan Dominasi Dollar AS",https://www.kompas.com/global/read/2023/04/19/104500370/presiden-brasil-dukung-brics-punya-mata-uang-sendiri-ambisi-runtuhkan
"Menemukan Al Quran di Old Trafford, Yusuf Oak Berujung Masuk Islam",https://www.kompas.com/global/read/2023/04/19/095900970/menemukan-al-quran-di-old-trafford-yusuf-oak-berujung-masuk-islam
WNI Ini Jadi Napi Terlama yang Huni Penjara Malaysia,https://www.kompas.com/global/read/2023/04/19/091400370/wni-ini-jadi-napi-terlama-yang-huni-penjara-malaysia
PBB Nyatakan Kekhawatiran Setelah AS Disebut Sadap Antonio Guterres,https://www.kompas.com/global/read/2023/04/19/082800770/pbb-nyatakan-kekhawatiran-setelah-as-disebut-sadap-antonio-guterres
Presiden Brasil Perjelas Sikapnya Kutuk Invasi Rusia ke Ukraina,https://www.kompas.com/global/read/2023/04/19/074100670/presiden-brasil-perjelas-sikapnya-kutuk-invasi-rusia-ke-ukraina
WHO Peringatkan Pandemi Covid-19 Masih Fluktuatif,https://www.kompas.com/global/read/2023/04/19/070200670/who-peringatkan-pandemi-covid-19-masih-fluktuatif
"Rangkuman Hari Ke-419 Serangan Rusia ke Ukraina: Putin-Zelensky ke Garis Depan, G7 Peringatkan Negara yang Bantu Rusia",https://www.kompas.com/global/read/2023/04/19/061300370/rangkuman-hari-ke-419-serangan-rusia-ke-ukraina--putin-zelensky-ke-garis
[POPULER GLOBAL] WNI Ditangkap di AS | Temuan Jasad di Roda Pesawat,https://www.kompas.com/global/read/2023/04/19/052600270/-populer-global-wni-ditangkap-di-as-temuan-jasad-di-roda-pesawat
"Karyawan China Menang Undian Unik Perusahaan, Boleh Cuti 365 Hari",https://www.kompas.com/global/read/2023/04/18/220000270/karyawan-china-menang-undian-unik-perusahaan-boleh-cuti-365-hari
"Pria Ini Hamburkan Uang Total Rp 2,9 Miliar ke Jalan Hingga Buat Macet",https://www.kompas.com/global/read/2023/04/18/211500070/pria-ini-hamburkan-uang-total-rp-2-9-miliar-ke-jalan-hingga-buat-macet
Jerman Berusaha Lepas dari Ketergantungan pada China,https://www.kompas.com/global/read/2023/04/18/203300370/jerman-berusaha-lepas-dari-ketergantungan-pada-china
Pornografi Deepfake: Sisi Gelap AI yang Kian Mengkhawatirkan,https://www.kompas.com/global/read/2023/04/18/194500670/pornografi-deepfake--sisi-gelap-ai-yang-kian-mengkhawatirkan
Trump Ungkap Pendapatannya Usai Lengser dari Jabatan Presiden AS,https://www.kompas.com/global/read/2023/04/18/190200970/trump-ungkap-pendapatannya-usai-lengser-dari-jabatan-presiden-as
Perusahaan Lebanon Gugat Istri Najib Razak Rp 225 Miliar karena Hilangkan 43 Perhiasan,https://www.kompas.com/global/read/2023/04/18/181600570/perusahaan-lebanon-gugat-istri-najib-razak-rp-225-miliar-karena-hilangkan
Sejauh Mana Kesiapan Ukraina Balas Serangan Rusia?,https://www.kompas.com/global/read/2023/04/18/173126970/sejauh-mana-kesiapan-ukraina-balas-serangan-rusia
"Dampak Kekeringan Inggris, Populasi Katak Menurun",https://www.kompas.com/global/read/2023/04/18/173000170/dampak-kekeringan-inggris-populasi-katak-menurun
Putin Kunjungi 2 Wilayah Ukraina yang Diklaim Rusia,https://www.kompas.com/global/read/2023/04/18/164500370/putin-kunjungi-2-wilayah-ukraina-yang-diklaim-rusia
Pria 85 Tahun Didakwa Tembak Remaja AS yang Salah Ketuk Pintu Rumahnya,https://www.kompas.com/global/read/2023/04/18/161500670/pria-85-tahun-didakwa-tembak-remaja-as-yang-salah-ketuk-pintu-rumahnya
"Rangkuman Hari Ke-418 Serangan Rusia ke Ukraina: Kara-Murza Dipenjara, Giliran Slovakia Larang Impor",https://www.kompas.com/global/read/2023/04/18/153200570/rangkuman-hari-ke-418-serangan-rusia-ke-ukraina--kara-murza-dipenjara
"India Waspada Gelombang Panas, Suhu Capai 40 Derajat Celsius",https://www.kompas.com/global/read/2023/04/18/144300070/india-waspada-gelombang-panas-suhu-capai-40-derajat-celsius
"Bermimpi ke Amerika, Ratusan Orang India Ditipu Dikirim ke Bali",https://www.kompas.com/global/read/2023/04/18/140900870/bermimpi-ke-amerika-ratusan-orang-india-ditipu-dikirim-ke-bali
Ada Apa di Sudan dan Kenapa Terjadi Perang?,https://www.kompas.com/global/read/2023/04/18/132300970/ada-apa-di-sudan-dan-kenapa-terjadi-perang-
Jasad Penumpang Gelap Ditemukan di Roda Pesawat yang Mendarat di Belanda,https://www.kompas.com/global/read/2023/04/18/114700170/jasad-penumpang-gelap-ditemukan-di-roda-pesawat-yang-mendarat-di-belanda
Bubuk Mesiu Ditemukan di Rumah Tersangka Ledakan Saat PM Jepang Kampanye,https://www.kompas.com/global/read/2023/04/18/110100770/bubuk-mesiu-ditemukan-di-rumah-tersangka-ledakan-saat-pm-jepang-kampanye
Petani Perancis Tingkatkan Hasil Pertanian dengan Pupuk Urine,https://www.kompas.com/global/read/2023/04/18/101400170/petani-perancis-tingkatkan-hasil-pertanian-dengan-pupuk-urine
WNI Ditangkap di Berkeley AS atas Serangkaian Kasus Kekerasan Seksual,https://www.kompas.com/global/read/2023/04/18/094125370/wni-ditangkap-di-berkeley-as-atas-serangkaian-kasus-kekerasan-seksual
AS Tangkap 2 Orang Terkait Pos Polisi Rahasia China di New York,https://www.kompas.com/global/read/2023/04/18/083500570/as-tangkap-2-orang-terkait-pos-polisi-rahasia-china-di-new-york
Tanggapan AS Setelah Disebut Presiden Brasil Dorong Perang di Ukraina,https://www.kompas.com/global/read/2023/04/18/074200870/tanggapan-as-setelah-disebut-presiden-brasil-dorong-perang-di-ukraina
Pasukan Ukraina Berupaya Menyusup ke Wilayah Rusia,https://www.kompas.com/global/read/2023/04/18/065800270/pasukan-ukraina-berupaya-menyusup-ke-wilayah-rusia
China Nyatakan Siap Fasilitasi Pembicaraan Damai Israel-Palestina,https://www.kompas.com/global/read/2023/04/18/061200970/china-nyatakan-siap-fasilitasi-pembicaraan-damai-israel-palestina
[POPULER GLOBAL] Penembakan Alabama | Profil RSF di Sudan,https://www.kompas.com/global/read/2023/04/18/052500470/-populer-global-penembakan-alabama-profil-rsf-di-sudan
"Cerita WNI Puasa di Luar Negeri: 21 Jam di Norwegia, Suasana Berbeda di Chile",https://www.kompas.com/global/read/2023/04/17/223007570/cerita-wni-puasa-di-luar-negeri-21-jam-di-norwegia-suasana-berbeda-di
"Kritik Serangan ke Ukraina, Kritikus Kremlin Kara-Murza Divonis Penjara 25 Tahun, Banjir Kecaman",https://www.kompas.com/global/read/2023/04/17/204246570/kritik-serangan-ke-ukraina-kritikus-kremlin-kara-murza-divonis-penjara-25
Rangkuman Pertemuan Menko Luhut dengan Mendag AS Gina Raimondo dan Dubes Tai,https://www.kompas.com/global/read/2023/04/17/194615670/rangkuman-pertemuan-menko-luhut-dengan-mendag-as-gina-raimondo-dan-dubes
Kata Pakar soal Penyebab Wisman di Bali Berperilaku Negatif Belakangan Ini,https://www.kompas.com/global/read/2023/04/17/190000570/kata-pakar-soal-penyebab-wisman-di-bali-berperilaku-negatif-belakangan
"Hadiri Acara Pemerintah, 11 Warga India Tewas karena Sengatan Matahari",https://www.kompas.com/global/read/2023/04/17/181500270/hadiri-acara-pemerintah-11-warga-india-tewas-karena-sengatan-matahari
"Sudan Bergejolak, KBRI Pastikan WNI Aman",https://www.kompas.com/global/read/2023/04/17/173500470/sudan-bergejolak-kbri-pastikan-wni-aman
Minneapolis Jadi Kota Besar Pertama di AS yang Izinkan Azan Berkumandang 5 Kali Sehari,https://www.kompas.com/global/read/2023/04/17/164300070/minneapolis-jadi-kota-besar-pertama-di-as-yang-izinkan-azan-berkumandang
"Sudah Tewaskan 97 Orang, Bentrok Militer dan Pasukan Paramiliter di Sudan Diminta Dihentikan",https://www.kompas.com/global/read/2023/04/17/160000070/sudah-tewaskan-97-orang-bentrok-militer-dan-pasukan-paramiliter-di-sudan
"Tekan Ketergantungan pada China, Jerman Dukung Pakta Perdagangan dengan Indonesia",https://www.kompas.com/global/read/2023/04/17/151300770/tekan-ketergantungan-pada-china-jerman-dukung-pakta-perdagangan-dengan
"Cerita Flamini Hidup 500 Hari di Goa, Klaim Pecahkan Rekor Dunia",https://www.kompas.com/global/read/2023/04/17/144400870/cerita-flamini-hidup-500-hari-di-goa-klaim-pecahkan-rekor-dunia
"Salah Ketuk Pintu Rumah, Remaja AS Ditembak di Kepala",https://www.kompas.com/global/read/2023/04/17/131800370/salah-ketuk-pintu-rumah-remaja-as-ditembak-di-kepala
Iran Tutup 155 Toko dan Restoran karena Tidak Patuhi Kewajiban Berjilbab,https://www.kompas.com/global/read/2023/04/17/123200570/iran-tutup-155-toko-dan-restoran-karena-tidak-patuhi-kewajiban-berjilbab
Silvio Berlusconi Keluar dari ICU,https://www.kompas.com/global/read/2023/04/17/114600370/silvio-berlusconi-keluar-dari-icu
"Usai China Gelar Latihan Perang, Kapal Perusak AS Berlayar di Selat Taiwan",https://www.kompas.com/global/read/2023/04/17/110100070/usai-china-gelar-latihan-perang-kapal-perusak-as-berlayar-di-selat-taiwan
"Profil RSF, Pasukan Paramiliter Kuat yang Berani Lawan Militer, Coba Rebut Kekuasaan di Sudan",https://www.kompas.com/global/read/2023/04/17/101500870/profil-rsf-pasukan-paramiliter-kuat-yang-berani-lawan-militer-coba-rebut
"Presiden Brasil Usul Bentuk Kelompok Pendamai Perang Rusia-Ukraina, Anggotanya Selain AS dan UE",https://www.kompas.com/global/read/2023/04/17/093100870/presiden-brasil-usul-bentuk-kelompok-pendamai-perang-rusia-ukraina
"Di Tengah Kekurangan Pangan, Korea Utara Rayakan 10.000 Rumah Baru",https://www.kompas.com/global/read/2023/04/17/084500970/di-tengah-kekurangan-pangan-korea-utara-rayakan-10.000-rumah-baru
"Petaka Penembakan Pesta Ulang Tahun di AS, 4 Orang Tewas",https://www.kompas.com/global/read/2023/04/17/080100170/petaka-penembakan-pesta-ulang-tahun-di-as-4-orang-tewas
Mantan Anggota Parlemen India Ditembak Mati Saat Siaran Langsung TV,https://www.kompas.com/global/read/2023/04/17/071500870/mantan-anggota-parlemen-india-ditembak-mati-saat-siaran-langsung-tv
"Rangkuman Hari Ke-417 Serangan Rusia ke Ukraina: Pertempuran Sengit di Bakhmut, Putin Bertemu Menhan China",https://www.kompas.com/global/read/2023/04/17/063100370/rangkuman-hari-ke-417-serangan-rusia-ke-ukraina-pertempuran-sengit-di
[KABAR DUNIA SEPEKAN] Undangan Nikah Minta Tamu Bayar | Pengemis Naik Mobil Mewah,https://www.kompas.com/global/read/2023/04/17/054500570/-kabar-dunia-sepekan-undangan-nikah-minta-tamu-bayar-pengemis-naik-mobil
Kafe di Jepang Pecat Pelayan karena Campur Darahnya Sendiri ke Minuman,https://www.kompas.com/global/read/2023/04/16/224500970/kafe-di-jepang-pecat-pelayan-karena-campur-darahnya-sendiri-ke-minuman
"Pecatur Pria Pakai Burka, Menyamar Jadi Perempuan demi Ikut Turnamen Catur Wanita",https://www.kompas.com/global/read/2023/04/16/220300670/pecatur-pria-pakai-burka-menyamar-jadi-perempuan-demi-ikut-turnamen-catur
Polisi AS Salah Masuk Rumah dan Tembak Mati 1 Orang,https://www.kompas.com/global/read/2023/04/16/211600370/polisi-as-salah-masuk-rumah-dan-tembak-mati-1-orang
Napi di Penjara AS Meninggal Dimakan Serangga dan Kutu Kasur,https://www.kompas.com/global/read/2023/04/16/203500970/napi-di-penjara-as-meninggal-dimakan-serangga-dan-kutu-kasur
Bentrokan Antargeng di Dalam Penjara Ekuador Tewaskan 12 Orang,https://www.kompas.com/global/read/2023/04/16/194500170/bentrokan-antargeng-di-dalam-penjara-ekuador-tewaskan-12-orang
"Tinggalkan PLTN, Jerman Sambut Energi Masa Depan: Hidrogen",https://www.kompas.com/global/read/2023/04/16/190100870/tinggalkan-pltn-jerman-sambut-energi-masa-depan--hidrogen
"China Luncurkan Roket, Puingnya Berjatuhan di Dekat Taiwan",https://www.kompas.com/global/read/2023/04/16/181700570/china-luncurkan-roket-puingnya-berjatuhan-di-dekat-taiwan
Korsel Lepaskan Tembakan Peringatan untuk Kapal Patroli Korea Utara,https://www.kompas.com/global/read/2023/04/16/173100570/korsel-lepaskan-tembakan-peringatan-untuk-kapal-patroli-korea-utara
"Ingin Anaknya Rajin Sekolah dan Jadi Dokter, Orangtua Hadiahkan Mercy Mewah untuk Ulang Tahun ke-5",https://www.kompas.com/global/read/2023/04/16/164500770/ingin-anaknya-rajin-sekolah-dan-jadi-dokter-orangtua-hadiahkan-mercy
"Ingin Balikan, Pemuda Ini Berlutut 21 Jam di Luar Kantor Mantan Pacar",https://www.kompas.com/global/read/2023/04/16/160100570/ingin-balikan-pemuda-ini-berlutut-21-jam-di-luar-kantor-mantan-pacar
"Akhir Era Energi Nuklir di Jerman, 3 Reaktor PLTN yang Tersisa Resmi Dimatikan",https://www.kompas.com/global/read/2023/04/16/151600370/akhir-era-energi-nuklir-di-jerman-3-reaktor-pltn-yang-tersisa-resmi
"Usai Ledakan Bom Asap, PM Jepang Jamin Keamanan KTT G7",https://www.kompas.com/global/read/2023/04/16/143100670/usai-ledakan-bom-asap-pm-jepang-jamin-keamanan-ktt-g7
"UMNO Ajukan Grasi Najib Razak, Bagaimana Posisi Anwar Ibrahim?",https://www.kompas.com/global/read/2023/04/16/134500570/umno-ajukan-grasi-najib-razak-bagaimana-posisi-anwar-ibrahim-
Bos Grup Wagner Sebut Tujuan Rusia Telah Tercapai: Saatnya Akhiri Perang di Ukraina,https://www.kompas.com/global/read/2023/04/16/130100070/bos-grup-wagner-sebut-tujuan-rusia-telah-tercapai--saatnya-akhiri-perang
"UPDATE Kasus PRT Parti Liyani, Putra Mantan Bos Bandara Changi Singapura Dipenjara",https://www.kompas.com/global/read/2023/04/16/121500070/update-kasus-prt-parti-liyani-putra-mantan-bos-bandara-changi-singapura
Klepon dan Angklung Warnai Festival Pelajar di Swedia,https://www.kompas.com/global/read/2023/04/16/113100470/klepon-dan-angklung-warnai-festival-pelajar-di-swedia
"Sudan Mencekam, Tentara dan Pasukan Paramiliter Bentrok Berebut Kekuasaan, 25 Tewas",https://www.kompas.com/global/read/2023/04/16/104500070/sudan-mencekam-tentara-dan-pasukan-paramiliter-bentrok-berebut-kekuasaan
Polandia dan Hongaria Larang Impor Biji-bijian dari Ukraina,https://www.kompas.com/global/read/2023/04/16/100000970/polandia-dan-hongaria-larang-impor-biji-bijian-dari-ukraina
Pesawat Saudi Diserang di Bandara Khartoum Sudan,https://www.kompas.com/global/read/2023/04/16/092006670/pesawat-saudi-diserang-di-bandara-khartoum-sudan
Obrolan Game Online Dianggap Berisiko Bocorkan Data AS,https://www.kompas.com/global/read/2023/04/16/083000970/obrolan-game-online-dianggap-berisiko-bocorkan-data-as
Finlandia Intensifkan Pembangunan Pagar Perbatasan dengan Rusia,https://www.kompas.com/global/read/2023/04/16/074500170/finlandia-intensifkan-pembangunan-pagar-perbatasan-dengan-rusia
Ukraina Tunggu Bantuan Senjata AS Cegah Serangan Terbaru Rusia,https://www.kompas.com/global/read/2023/04/16/070000770/ukraina-tunggu-bantuan-senjata-as-cegah-serangan-terbaru-rusia
"Rangkuman Hari ke-416 Serangan Rusia ke Ukraina: Rusia Hantam Apartemen di Sloviansk, Kondisi Perebutan Bakhmut",https://www.kompas.com/global/read/2023/04/16/061500170/rangkuman-hari-ke-416-serangan-rusia-ke-ukraina--rusia-hantam-apartemen
[UNIK GLOBAL] Salju Turun di Malaysia | Pengemis Buta Naik Mobil Mewah,https://www.kompas.com/global/read/2023/04/16/053000070/-unik-global-salju-turun-di-malaysia-pengemis-buta-naik-mobil-mewah
Perang Ukraina Terkini: Rusia Klaim Rebut Utara dan Selatan Bakhmut,https://www.kompas.com/global/read/2023/04/15/230000270/perang-ukraina-terkini--rusia-klaim-rebut-utara-dan-selatan-bakhmut
Pelajar yang Lempar Telur ke Raja Charles III Dinyatakan Bersalah,https://www.kompas.com/global/read/2023/04/15/223000870/pelajar-yang-lempar-telur-ke-raja-charles-iii-dinyatakan-bersalah
"Covid-19 Kembali, Singapura Diterjang Gelombang Ke-10",https://www.kompas.com/global/read/2023/04/15/220000370/covid-19-kembali-singapura-diterjang-gelombang-ke-10
Bukti Asal Muasal Covid-19 dari Hewan Masih Diperdebatkan,https://www.kompas.com/global/read/2023/04/15/213000270/bukti-asal-muasal-covid-19-dari-hewan-masih-diperdebatkan
Pelajar Jepang yang Telat karena Laporkan Pelecehan Seksual Tak Boleh Dihukum,https://www.kompas.com/global/read/2023/04/15/204500770/pelajar-jepang-yang-telat-karena-laporkan-pelecehan-seksual-tak-boleh
"Rendang Puaskan Peserta Buka Puasa di London: Sangat Enak, Kami Habiskan",https://www.kompas.com/global/read/2023/04/15/193000670/rendang-puaskan-peserta-buka-puasa-di-london--sangat-enak-kami-habiskan
"Pemimpin Grup Wagner Muak Perang di Ukraina, Minta Putin Berhenti",https://www.kompas.com/global/read/2023/04/15/184500470/pemimpin-grup-wagner-muak-perang-di-ukraina-minta-putin-berhenti
Pelempar Bom Asap ke Arah PM Jepang Ditangkap,https://www.kompas.com/global/read/2023/04/15/180000470/pelempar-bom-asap-ke-arah-pm-jepang-ditangkap
171 Korban Tewas dalam Serangan Junta Myanmar di Desa Pazi Gyi,https://www.kompas.com/global/read/2023/04/15/171500470/171-korban-tewas-dalam-serangan-junta-myanmar-di-desa-pazi-gyi
Anjing yang Hilang di Lautan Es Terpencil Australia Kembali Secara Ajaib ke Pemiliknya,https://www.kompas.com/global/read/2023/04/15/163000670/anjing-yang-hilang-di-lautan-es-terpencil-australia-kembali-secara-ajaib
Petaka dari Discord: Kronologi Bocornya Data AS,https://www.kompas.com/global/read/2023/04/15/154500970/petaka-dari-discord--kronologi-bocornya-data-as
Arnold Schwarzenegger Ejek Perusahaan Gas yang Sebabkan Jalan Rusak,https://www.kompas.com/global/read/2023/04/15/150200070/arnold-schwarzenegger-ejek-perusahaan-gas-yang-sebabkan-jalan-rusak
PM Jepang Lanjutkan Kampanye Usai Ledakan Bom Asap di Wakayama,https://www.kompas.com/global/read/2023/04/15/141900970/pm-jepang-lanjutkan-kampanye-usai-ledakan-bom-asap-di-wakayama
"Profil Jack Teixeira, Tersangka Pembocoran Dokumen AS soal Perang Rusia-Ukraina",https://www.kompas.com/global/read/2023/04/15/133300270/profil-jack-teixeira-tersangka-pembocoran-dokumen-as-soal-perang-rusia
Elon Musk Dirikan Perusahaan Kecerdasan Buatan X.AI,https://www.kompas.com/global/read/2023/04/15/115700870/elon-musk-dirikan-perusahaan-kecerdasan-buatan-x.ai
"PM Jepang Aman dari Ledakan di Pelabuhan Wakayama, 1 Orang Ditahan",https://www.kompas.com/global/read/2023/04/15/111100770/pm-jepang-aman-dari-ledakan-di-pelabuhan-wakayama-1-orang-ditahan
BREAKING NEWS: Terjadi Ledakan Sebelum PM Jepang Berpidato di Wakayama,https://www.kompas.com/global/read/2023/04/15/102654670/breaking-news-terjadi-ledakan-sebelum-pm-jepang-berpidato-di-wakayama
Biden akan Umumkan Pencalonan Pilpres AS Segera,https://www.kompas.com/global/read/2023/04/15/100300970/biden-akan-umumkan-pencalonan-pilpres-as-segera
"Rangkuman Hari Ke-415 Serangan Rusia ke Ukraina: Video Tawanan Perang Ukraina Dipenggal, Putin Teken UU Wajib Militer Elektronik",https://www.kompas.com/global/read/2023/04/15/093056670/rangkuman-hari-ke-415-serangan-rusia-ke-ukraina-video-tawanan-perang
China Mengaku Tak Akan Jual Senjata dalam Perang di Ukraina,https://www.kompas.com/global/read/2023/04/15/083100170/china-mengaku-tak-akan-jual-senjata-dalam-perang-di-ukraina
Finlandia Mulai Bangun Pagar di Perbatasan dengan Rusia,https://www.kompas.com/global/read/2023/04/15/075435770/finlandia-mulai-bangun-pagar-di-perbatasan-dengan-rusia
Ukraina Berseru Akan Gunakan Senjata Apa Pun untuk Rebut Kembali Crimea,https://www.kompas.com/global/read/2023/04/15/065800970/ukraina-berseru-akan-gunakan-senjata-apa-pun-untuk-rebut-kembali-crimea
"MK Perancis Setuju Macron Naikkan Usia Pensiun, Serikat Pekerja Siap Turun Jalan Lagi",https://www.kompas.com/global/read/2023/04/15/061527870/mk-perancis-setuju-macron-naikkan-usia-pensiun-serikat-pekerja-siap-turun
[POPULER GLOBAL] Restu Putin Tangkap Jurnalis | Identitas Pembocor Dokumen Rahasia AS,https://www.kompas.com/global/read/2023/04/15/052400870/-populer-global-restu-putin-tangkap-jurnalis-identitas-pembocor-dokumen
"Rusia Ngotot Menyerang, Pasukan Ukraina Mundur dari Bakhmut",https://www.kompas.com/global/read/2023/04/14/222337370/rusia-ngotot-menyerang-pasukan-ukraina-mundur-dari-bakhmut
5 Kaleng Coke dan Borong McDonald's Tiap Hari: Pola Makan Tak Lazim Warren Buffet,https://www.kompas.com/global/read/2023/04/14/213000770/5-kaleng-coke-dan-borong-mcdonald-s-tiap-hari--pola-makan-tak-lazim
"Tingkat Hunian Hotel Makkah Capai 100 persen, Tertinggi Sejak Pandemi",https://www.kompas.com/global/read/2023/04/14/204500170/tingkat-hunian-hotel-makkah-capai-100-persen-tertinggi-sejak-pandemi
"Bunga Utang Kereta Cepat Jakarta-Bandung 3,4 Persen, RI Kena Jebakan Utang China?",https://www.kompas.com/global/read/2023/04/14/195800370/bunga-utang-kereta-cepat-jakarta-bandung-3-4-persen-ri-kena-jebakan-utang
"Seluk Beluk Discord, Aplikasi Obrolan Terkait Kebocoran Data AS",https://www.kompas.com/global/read/2023/04/14/191400170/seluk-beluk-discord-aplikasi-obrolan-terkait-kebocoran-data-as
China Tegaskan Tak Akan Persenjatai Rusia di Perang Ukraina,https://www.kompas.com/global/read/2023/04/14/183000570/china-tegaskan-tak-akan-persenjatai-rusia-di-perang-ukraina
"Visa Ditolak, Orkestra Kenamaan Ukraina Tak Jadi Main di Inggris",https://www.kompas.com/global/read/2023/04/14/174500070/visa-ditolak-orkestra-kenamaan-ukraina-tak-jadi-main-di-inggris
"Ke Beijing, Menlu Jerman Desak China Minta Rusia Hentikan Perang di Ukraina",https://www.kompas.com/global/read/2023/04/14/165800170/ke-beijing-menlu-jerman-desak-china-minta-rusia-hentikan-perang-di
Aktivis Tibet: China Sengaja Diskreditkan Dalai Lama Lewat Skandal,https://www.kompas.com/global/read/2023/04/14/161500070/aktivis-tibet--china-sengaja-diskreditkan-dalai-lama-lewat-skandal
Kim Jong Un Terkait Rudal Baru Korut: Ini Ancaman Ekstrem bagi Barat,https://www.kompas.com/global/read/2023/04/14/153000670/kim-jong-un-terkait-rudal-baru-korut--ini-ancaman-ekstrem-bagi-barat
"Malaysia Gagalkan Upaya Penyelundupan 4,8 Juta Batang Rokok Diduga dari Indonesia",https://www.kompas.com/global/read/2023/04/14/144100970/malaysia-gagalkan-upaya-penyelundupan-4-8-juta-batang-rokok-diduga-dari
"AS-RI Teken Kesepakatan Infrastruktur dan Keuangan Rp 10,2 Triliun, Ini 3 Proyeknya",https://www.kompas.com/global/read/2023/04/14/140000570/as-ri-teken-kesepakatan-infrastruktur-dan-keuangan-rp-102-triliun-ini-3
"Tuai Kritik, Jepang Setujui Pembangunan Kasino Legal Pertama",https://www.kompas.com/global/read/2023/04/14/131400470/tuai-kritik-jepang-setujui-pembangunan-kasino-legal-pertama
Rakyat Molodva Ogah Negaranya Gabung NATO,https://www.kompas.com/global/read/2023/04/14/122900770/rakyat-molodva-ogah-negaranya-gabung-nato
"Kebakaran Landa Peternakan Sapi Texas, 18.000 Ternak Mati",https://www.kompas.com/global/read/2023/04/14/114400070/-kebakaran-landa-peternakan-sapi-texas-18.000-ternak-mati
Jerman Izinkan Polandia Kirim Jet Tempur MiG-29 Tua ke Ukraina,https://www.kompas.com/global/read/2023/04/14/111500170/jerman-izinkan-polandia-kirim-jet-tempur-mig-29-tua-ke-ukraina
"Korea Utara Luncurkan Rudal Berbahan Bakar Padat, Lebih Cepat Serang Musuh",https://www.kompas.com/global/read/2023/04/14/103100070/korea-utara-luncurkan-rudal-berbahan-bakar-padat-lebih-cepat-serang-musuh
Rusia Ancam Tak Perpanjang Kesepakatan Ekspor Gandum via Laut Hitam,https://www.kompas.com/global/read/2023/04/14/094400670/rusia-ancam-tak-perpanjang-kesepakatan-ekspor-gandum-via-laut-hitam
"Penangkapan Jurnalis AS Dapat Restu Langsung dari Putin, Ini Artinya",https://www.kompas.com/global/read/2023/04/14/090100570/penangkapan-jurnalis-as-dapat-restu-langsung-dari-putin-ini-artinya
"FBI Tangkap Pembocor Dokumen Rahasia AS, Ini Identitasnya",https://www.kompas.com/global/read/2023/04/14/080100570/fbi-tangkap-pembocor-dokumen-rahasia-as-ini-identitasnya
"Rangkuman Hari Ke-414 Serangan Rusia ke Ukraina: Saling Klaim soal Bakhmut, Pembocor Dokumen Rahasia AS Kerja di Pangkalan Militer",https://www.kompas.com/global/read/2023/04/14/070100870/rangkuman-hari-ke-414-serangan-rusia-ke-ukraina--saling-klaim-soal
[POPULER GLOBAL] Serbia Bantu Ukraina | Korea Utara Luncurkan Rudal,https://www.kompas.com/global/read/2023/04/14/060100570/-populer-global-serbia-bantu-ukraina-korea-utara-luncurkan-rudal
Iran Kembali Serukan Kemerdekaan Palestina Lewat Peringatan Hari Al-Quds,https://www.kompas.com/global/read/2023/04/13/223100670/iran-kembali-serukan-kemerdekaan-palestina-lewat-peringatan-hari-al-quds
"Polandia Minta Izin Jerman Kirim MiG-29 ke Ukraina, Jet Tempur Canggih pada Masanya",https://www.kompas.com/global/read/2023/04/13/220100670/polandia-minta-izin-jerman-kirim-mig-29-ke-ukraina-jet-tempur-canggih
Dokumen AS yang Bocor Bikin Malu Mesir dan UEA,https://www.kompas.com/global/read/2023/04/13/213100670/dokumen-as-yang-bocor-bikin-malu-mesir-dan-uea
"China Larang Kapal Berlayar di Utara Taiwan, Ini Alasannya",https://www.kompas.com/global/read/2023/04/13/210100670/china-larang-kapal-berlayar-di-utara-taiwan-ini-alasannya
"Israel Batasi Perayaan Paskah Kristen Ortodoks di Yerusalem, Pemimpin Gereja Masa Bodoh",https://www.kompas.com/global/read/2023/04/13/203100970/israel-batasi-perayaan-paskah-kristen-ortodoks-di-yerusalem-pemimpin
Penentang Putin Alexei Navalny Disebut Dibunuh Perlahan di Penjara,https://www.kompas.com/global/read/2023/04/13/200100570/penentang-putin-alexei-navalny-disebut-dibunuh-perlahan-di-penjara
Penyelidikan The Washington Post: Pembocor Dokumen Rahasia AS Bekerja di Pangkalan Militer,https://www.kompas.com/global/read/2023/04/13/193100070/penyelidikan-the-washington-post--pembocor-dokumen-rahasia-as-bekerja-di
"Inilah Negara dengan Tarif Listrik Termahal, Rp 10.000 per KWh",https://www.kompas.com/global/read/2023/04/13/190100670/inilah-negara-dengan-tarif-listrik-termahal-rp-10.000-per-kwh
Bank Dunia Beri 200 Juta Dollar AS Benahi Infrastruktur Energi Ukraina,https://www.kompas.com/global/read/2023/04/13/183000970/bank-dunia-beri-200-juta-dollar-as-benahi-infrastruktur-energi-ukraina
"Grup Wagner Klaim Kuasai 80 Persen Bakhmut, Ukraina: Itu Tidak Benar",https://www.kompas.com/global/read/2023/04/13/180100370/grup-wagner-klaim-kuasai-80-persen-bakhmut-ukraina--itu-tidak-benar
Jepang Cabut Perintah Evakuasi Rudal Korut karena Kesalahan Sistem,https://www.kompas.com/global/read/2023/04/13/171500470/jepang-cabut-perintah-evakuasi-rudal-korut-karena-kesalahan-sistem
Taiwan Sebut Zona Larangan Terbang China Pengaruhi 33 Penerbangan,https://www.kompas.com/global/read/2023/04/13/171500070/taiwan-sebut-zona-larangan-terbang-china-pengaruhi-33-penerbangan
Ayah Gadis yang Menggambar Seni Anti-Perang Diekstradisi ke Rusia,https://www.kompas.com/global/read/2023/04/13/163000470/ayah-gadis-yang-menggambar-seni-anti-perang-diekstradisi-ke-rusia
"China Menanti Kepulangan Ya Ya, Panda yang Diduga Diperlakukan Buruk oleh Kebun Binatang AS",https://www.kompas.com/global/read/2023/04/13/154900270/china-menanti-kepulangan-ya-ya-panda-yang-diduga-diperlakukan-buruk-oleh
"Putus Cinta, Pria Ini Bakar Mantan Pacarnya di Alun-alun",https://www.kompas.com/global/read/2023/04/13/150300570/putus-cinta-pria-ini-bakar-mantan-pacarnya-di-alun-alun
Para Saksi Diselidiki Terkait Dokumen Rahasia AS di Rumah Trump,https://www.kompas.com/global/read/2023/04/13/141500770/para-saksi-diselidiki-terkait-dokumen-rahasia-as-di-rumah-trump
Pembocor File Intelijen AS Diduga Admin Ruang Obrolan Discord,https://www.kompas.com/global/read/2023/04/13/133000970/pembocor-file-intelijen-as-diduga-admin-ruang-obrolan-discord
Pangeran Harry Akan Datang ke Penobatan Raja Charles III Tanpa Meghan,https://www.kompas.com/global/read/2023/04/13/124700570/pangeran-harry-akan-datang-ke-penobatan-raja-charles-iii-tanpa-meghan
Dokumen AS yang Bocor Soroti Langkah Serbia Bantu Ukraina,https://www.kompas.com/global/read/2023/04/13/120000370/dokumen-as-yang-bocor-soroti-langkah-serbia-bantu-ukraina
"Rusia Perketat UU Wajib Militer, Persulit Tentara untuk Kabur",https://www.kompas.com/global/read/2023/04/13/111500670/rusia-perketat-uu-wajib-militer-persulit-tentara-untuk-kabur
Rangkuman Hari Ke-413 Serangan Rusia ke Ukraina: India Dimintai Bantuan | Permintaan Senjata ke Spanyol,https://www.kompas.com/global/read/2023/04/13/103600270/rangkuman-hari-ke-413-serangan-rusia-ke-ukraina--india-dimintai-bantuan
Belajar Kesederhanaan dari Pemimpin di Negeri Singa,https://www.kompas.com/global/read/2023/04/13/094608170/belajar-kesederhanaan-dari-pemimpin-di-negeri-singa
"Korea Utara Luncurkan Rudal, Jepang Minta Warga Hokkaido Berlindung",https://www.kompas.com/global/read/2023/04/13/092500570/korea-utara-luncurkan-rudal-jepang-minta-warga-hokkaido-berlindung
"Trump Gugat Mantan Pengacaranya, Michael Cohen, atas Kasus dengan Stormy Daniels",https://www.kompas.com/global/read/2023/04/13/084900870/trump-gugat-mantan-pengacaranya-michael-cohen-atas-kasus-dengan-stormy
Ukraina Minta Bantuan India meski Sekutu Rusia,https://www.kompas.com/global/read/2023/04/13/074300470/ukraina-minta-bantuan-india-meski-sekutu-rusia
[POPULER GLOBAL] Misteri Hilangnya Gadis Vatikan | Turis Potong Rambut Rp 400.000 di Malaysia,https://www.kompas.com/global/read/2023/04/13/070200270/-populer-global-misteri-hilangnya-gadis-vatikan-turis-potong-rambut-rp
"Zelensky Sebut Rusia ""Binatang Buas"" soal Video Tentara Ukraina Dieksekusi",https://www.kompas.com/global/read/2023/04/13/061100470/zelensky-sebut-rusia-binatang-buas-soal-video-tentara-ukraina-dieksekusi
"Dinilai Pasang Tarif Kemahalan, Barbershop Malaysia Akan Ditindak",https://www.kompas.com/global/read/2023/04/12/223000970/dinilai-pasang-tarif-kemahalan-barbershop-malaysia-akan-ditindak
"Lotre Hadiah Ultah Jackpot Rp 14,8 Miliar, Remaja Ini Kaya Mendadak",https://www.kompas.com/global/read/2023/04/12/220000570/lotre-hadiah-ultah-jackpot-rp-14-8-miliar-remaja-ini-kaya-mendadak
China Sebut Simulasi Pengepungan Taiwan Peringatan Serius,https://www.kompas.com/global/read/2023/04/12/213000970/china-sebut-simulasi-pengepungan-taiwan-peringatan-serius
"Viral Video Wanita Melahirkan di Trotoar, Sebelumnya Konsumsi Narkoba",https://www.kompas.com/global/read/2023/04/12/210600570/viral-video-wanita-melahirkan-di-trotoar-sebelumnya-konsumsi-narkoba
Elon Musk Tak Tahu Mengapa Twitter India Hapus Cuitan Dokumenter Modi,https://www.kompas.com/global/read/2023/04/12/204500770/elon-musk-tak-tahu-mengapa-twitter-india-hapus-cuitan-dokumenter-modi
Rusia: Dokumen AS Bocor untuk Tipu Kami,https://www.kompas.com/global/read/2023/04/12/203500370/rusia--dokumen-as-bocor-untuk-tipu-kami
Musisi Tua Ukraina Bersumpah Mainkan Trombone Hingga Perang Usai,https://www.kompas.com/global/read/2023/04/12/201500870/musisi-tua-ukraina-bersumpah-mainkan-trombone-hingga-perang-usai
Trump Sebut Macron Cium Pantat Xi Jinping,https://www.kompas.com/global/read/2023/04/12/200100270/trump-sebut-macron-cium-pantat-xi-jinping
